Name,Price
ASIAN,669
ASIAN,674
Bacca Bucci,"1,599"
PARAGON,629
ASIAN,599
Puma,"1,442"
Campus,539
ASIAN,549
Campus,889
ASIAN,724
Sparx,672
Campus,749
Sparx,649
Amazon Brand - Symactive,819
Amazon Brand - Symactive,667
Centrino,959
,
,
,
,
,
Woodland,"2,600"
Sparx,714
Campus,"1,099"
ASIAN,699
ASIAN,624
Sparx,840
Nivia,"1,090"
ASIAN,649
Bacca Bucci,999
Bacca Bucci,"1,399"
Puma,"1,442"
Sparx,714
Sparx,"1,071"
ASIAN,549
Centrino,849
U.S. POLO ASSN.,"2,040"
Sparx,714
ASIAN,499
Puma,"2,518"
Campus,699
layasa,419
Sparx,"1,191"
Bourge,399
Campus,709
Red Tape,"1,618"
Birde,279
Centrino,699
Woodland,"2,337"
Campus,599
ASIAN,599
ASIAN,799
Bourge,649
Power,599
BATA,729
Nike,"4,254"
Sparx,876
Campus,829
ASE,939
Campus,949
Lotto,837
Campus,673
Vector X,869
ASIAN,649
Bacca Bucci,"1,199"
Bacca Bucci,"1,499"
ASIAN,599
Campus,999
Bacca Bucci,"1,199"
Bacca Bucci,999
Bacca Bucci,"1,499"
,
,
